Location,AgeGrp,PopMale,PopFemale,PopTotal
Afghanistan,0-19,10709.0,10197.0,20906.0
Afghanistan,20-39,5994.0,5574.0,11568.0
Afghanistan,40-59,2485.0,2316.0,4801.0
Afghanistan,60+,781.0,858.0,1639.0
Africa,0-19,344109.0,334982.0,679091.0
Africa,20-39,197448.0,197144.0,394592.0
Africa,40-59,94547.0,98460.0,193007.0
Africa,60+,33767.0,40123.0,73890.0
Albania,0-19,365.0,326.0,691.0
Albania,20-39,458.0,402.0,860.0
Albania,40-59,341.0,364.0,705.0
Albania,60+,290.0,312.0,602.0
Algeria,0-19,8373.0,8033.0,16406.0
Algeria,20-39,7002.0,6843.0,13845.0
Algeria,40-59,4618.0,4627.0,9245.0
Algeria,60+,2151.0,2185.0,4336.0
Andean Community,0-19,18849.0,18317.0,37166.0
Andean Community,20-39,18308.0,18260.0,36568.0
Andean Community,40-59,12428.0,13024.0,25452.0
Andean Community,60+,6450.0,7513.0,13963.0
Angola,0-19,9408.0,9368.0,18776.0
Angola,20-39,4423.0,4580.0,9003.0
Angola,40-59,1873.0,1999.0,3872.0
Angola,60+,548.0,647.0,1195.0
Antigua and Barbuda,0-19,12.0,12.0,24.0
Antigua and Barbuda,20-39,12.0,12.0,24.0
Antigua and Barbuda,40-59,11.0,12.0,23.0
Antigua and Barbuda,60+,4.0,4.0,8.0
Argentina,0-19,7422.0,7158.0,14580.0
Argentina,20-39,6745.0,6691.0,13436.0
Argentina,40-59,4902.0,5247.0,10149.0
Argentina,60+,2971.0,4042.0,7013.0
Armenia,0-19,416.0,368.0,784.0
Armenia,20-39,437.0,472.0,909.0
Armenia,40-59,314.0,398.0,712.0
Armenia,60+,216.0,322.0,538.0
Aruba,0-19,11.0,10.0,21.0
Aruba,20-39,10.0,11.0,21.0
Aruba,40-59,13.0,15.0,28.0
Aruba,60+,7.0,11.0,18.0
Australia,0-19,3300.0,3136.0,6436.0
Australia,20-39,3580.0,3510.0,7090.0
Australia,40-59,3176.0,3234.0,6410.0
Australia,60+,2631.0,2912.0,5543.0
Australia/New Zealand,0-19,3936.0,3741.0,7677.0
Australia/New Zealand,20-39,4228.0,4152.0,8380.0
Australia/New Zealand,40-59,3760.0,3870.0,7630.0
Australia/New Zealand,60+,3135.0,3479.0,6614.0
Austria,0-19,900.0,846.0,1746.0
Austria,20-39,1204.0,1151.0,2355.0
Austria,40-59,1292.0,1290.0,2582.0
Austria,60+,1033.0,1270.0,2303.0
Azerbaijan,0-19,1610.0,1407.0,3017.0
Azerbaijan,20-39,1704.0,1668.0,3372.0
Azerbaijan,40-59,1227.0,1331.0,2558.0
Azerbaijan,60+,514.0,659.0,1173.0
Bahamas,0-19,57.0,56.0,113.0
Bahamas,20-39,58.0,60.0,118.0
Bahamas,40-59,49.0,54.0,103.0
Bahamas,60+,18.0,23.0,41.0
Bahrain,0-19,206.0,190.0,396.0
Bahrain,20-39,578.0,233.0,811.0
Bahrain,40-59,259.0,134.0,393.0
Bahrain,60+,49.0,34.0,83.0
Bangladesh,0-19,30478.0,29164.0,59642.0
Bangladesh,20-39,28048.0,28225.0,56273.0
Bangladesh,40-59,18014.0,17639.0,35653.0
Bangladesh,60+,6708.0,6390.0,13098.0
Barbados,0-19,31.0,31.0,62.0
Barbados,20-39,36.0,36.0,72.0
Barbados,40-59,36.0,39.0,75.0
Barbados,60+,25.0,34.0,59.0
Belarus,0-19,1058.0,1009.0,2067.0
Belarus,20-39,1327.0,1276.0,2603.0
Belarus,40-59,1239.0,1388.0,2627.0
Belarus,60+,762.0,1366.0,2128.0
Belgium,0-19,1345.0,1266.0,2611.0
Belgium,20-39,1462.0,1424.0,2886.0
Belgium,40-59,1584.0,1530.0,3114.0
Belgium,60+,1345.0,1615.0,2960.0
Belize,0-19,77.0,75.0,152.0
Belize,20-39,65.0,67.0,132.0
Belize,40-59,36.0,36.0,72.0
Belize,60+,12.0,12.0,24.0
Benin,0-19,3231.0,3141.0,6372.0
Benin,20-39,1750.0,1743.0,3493.0
Benin,40-59,794.0,836.0,1630.0
Benin,60+,270.0,339.0,609.0
Bhutan,0-19,131.0,127.0,258.0
Bhutan,20-39,157.0,131.0,288.0
Bhutan,40-59,78.0,66.0,144.0
Bhutan,60+,35.0,29.0,64.0
Bolivia (Plurinational State of),0-19,2378.0,2280.0,4658.0
Bolivia (Plurinational State of),20-39,1856.0,1820.0,3676.0
Bolivia (Plurinational State of),40-59,1051.0,1068.0,2119.0
Bolivia (Plurinational State of),60+,563.0,639.0,1202.0
Bosnia and Herzegovina,0-19,327.0,310.0,637.0
Bosnia and Herzegovina,20-39,439.0,418.0,857.0
Bosnia and Herzegovina,40-59,468.0,477.0,945.0
Bosnia and Herzegovina,60+,362.0,459.0,821.0
Botswana,0-19,510.0,498.0,1008.0
Botswana,20-39,372.0,391.0,763.0
Botswana,40-59,186.0,218.0,404.0
Botswana,60+,62.0,96.0,158.0
Brazil,0-19,30744.0,29489.0,60233.0
Brazil,20-39,34383.0,34195.0,68578.0
Brazil,40-59,26103.0,27775.0,53878.0
Brazil,60+,13195.0,16653.0,29848.0
Brunei Darussalam,0-19,66.0,62.0,128.0
Brunei Darussalam,20-39,76.0,66.0,142.0
Brunei Darussalam,40-59,59.0,54.0,113.0
Brunei Darussalam,60+,16.0,18.0,34.0
Bulgaria,0-19,685.0,646.0,1331.0
Bulgaria,20-39,850.0,792.0,1642.0
Bulgaria,40-59,1015.0,988.0,2003.0
Bulgaria,60+,812.0,1137.0,1949.0
Burkina Faso,0-19,5893.0,5683.0,11576.0
Burkina Faso,20-39,2988.0,2944.0,5932.0
Burkina Faso,40-59,1222.0,1338.0,2560.0
Burkina Faso,60+,331.0,483.0,814.0
Burundi,0-19,3317.0,3276.0,6593.0
Burundi,20-39,1767.0,1797.0,3564.0
Burundi,40-59,588.0,648.0,1236.0
Burundi,60+,218.0,261.0,479.0
Cabo Verde,0-19,101.0,100.0,201.0
Cabo Verde,20-39,100.0,92.0,192.0
Cabo Verde,40-59,55.0,53.0,108.0
Cabo Verde,60+,13.0,22.0,35.0
Cambodia,0-19,3371.0,3256.0,6627.0
Cambodia,20-39,2980.0,3023.0,6003.0
Cambodia,40-59,1312.0,1502.0,2814.0
Cambodia,60+,491.0,765.0,1256.0
Cameroon,0-19,7066.0,6952.0,14018.0
Cameroon,20-39,3980.0,3968.0,7948.0
Cameroon,40-59,1702.0,1724.0,3426.0
Cameroon,60+,518.0,615.0,1133.0
Canada,0-19,4062.0,3877.0,7939.0
Canada,20-39,5233.0,5138.0,10371.0
Canada,40-59,5008.0,5017.0,10025.0
Canada,60+,4418.0,4970.0,9388.0
Caribbean,0-19,7077.0,6796.0,13873.0
Caribbean,20-39,6446.0,6410.0,12856.0
Caribbean,40-59,5003.0,5314.0,10317.0
Caribbean,60+,2959.0,3510.0,6469.0
Central African Republic,0-19,1355.0,1342.0,2697.0
Central African Republic,20-39,668.0,669.0,1337.0
Central African Republic,40-59,276.0,294.0,570.0
Central African Republic,60+,86.0,122.0,208.0
Chad,0-19,4762.0,4724.0,9486.0
Chad,20-39,2277.0,2269.0,4546.0
Chad,40-59,857.0,876.0,1733.0
Chad,60+,292.0,346.0,638.0
Channel Islands,0-19,16.0,16.0,32.0
Channel Islands,20-39,21.0,20.0,41.0
Channel Islands,40-59,23.0,23.0,46.0
Channel Islands,60+,15.0,19.0,34.0
Chile,0-19,2501.0,2416.0,4917.0
Chile,20-39,3012.0,2925.0,5937.0
Chile,40-59,2429.0,2499.0,4928.0
Chile,60+,1474.0,1838.0,3312.0
China,0-19,180228.0,157041.0,337269.0
China,20-39,215583.0,198390.0,413973.0
China,40-59,222768.0,215527.0,438295.0
China,60+,119660.0,130106.0,249766.0
Colombia,0-19,7935.0,7593.0,15528.0
Colombia,20-39,8363.0,8291.0,16654.0
Colombia,40-59,5679.0,6312.0,11991.0
Colombia,60+,2998.0,3691.0,6689.0
Comoros,0-19,216.0,209.0,425.0
Comoros,20-39,135.0,131.0,266.0
Comoros,40-59,62.0,63.0,125.0
Comoros,60+,17.0,21.0,38.0
Congo,0-19,1434.0,1412.0,2846.0
Congo,20-39,776.0,774.0,1550.0
Congo,40-59,427.0,433.0,860.0
Congo,60+,109.0,136.0,245.0
Costa Rica,0-19,726.0,693.0,1419.0
Costa Rica,20-39,835.0,812.0,1647.0
Costa Rica,40-59,617.0,633.0,1250.0
Costa Rica,60+,355.0,401.0,756.0
Croatia,0-19,407.0,383.0,790.0
Croatia,20-39,514.0,494.0,1008.0
Croatia,40-59,563.0,570.0,1133.0
Croatia,60+,485.0,669.0,1154.0
Cuba,0-19,1255.0,1187.0,2442.0
Cuba,20-39,1506.0,1435.0,2941.0
Cuba,40-59,1744.0,1780.0,3524.0
Cuba,60+,1108.0,1289.0,2397.0
Curaçao,0-19,19.0,19.0,38.0
Curaçao,20-39,16.0,19.0,35.0
Curaçao,40-59,17.0,24.0,41.0
Curaçao,60+,14.0,21.0,35.0
Cyprus,0-19,139.0,130.0,269.0
Cyprus,20-39,194.0,181.0,375.0
Cyprus,40-59,153.0,157.0,310.0
Cyprus,60+,107.0,124.0,231.0
Czechia,0-19,1115.0,1056.0,2171.0
Czechia,20-39,1323.0,1258.0,2581.0
Czechia,40-59,1603.0,1544.0,3147.0
Czechia,60+,1223.0,1570.0,2793.0
Côte d'Ivoire,0-19,6954.0,6897.0,13851.0
Côte d'Ivoire,20-39,3903.0,3927.0,7830.0
Côte d'Ivoire,40-59,1784.0,1665.0,3449.0
Côte d'Ivoire,60+,650.0,579.0,1229.0
Dem. People's Republic of Korea,0-19,3571.0,3416.0,6987.0
Dem. People's Republic of Korea,20-39,3848.0,3716.0,7564.0
Dem. People's Republic of Korea,40-59,3648.0,3685.0,7333.0
Dem. People's Republic of Korea,60+,1530.0,2344.0,3874.0
Democratic Republic of the Congo,0-19,25444.0,25038.0,50482.0
Democratic Republic of the Congo,20-39,11939.0,11989.0,23928.0
Democratic Republic of the Congo,40-59,5383.0,5566.0,10949.0
Democratic Republic of the Congo,60+,1933.0,2248.0,4181.0
Denmark,0-19,655.0,623.0,1278.0
Denmark,20-39,735.0,709.0,1444.0
Denmark,40-59,773.0,770.0,1543.0
Denmark,60+,706.0,800.0,1506.0
Denmark (and dependencies),0-19,670.0,637.0,1307.0
Denmark (and dependencies),20-39,750.0,723.0,1473.0
Denmark (and dependencies),40-59,789.0,784.0,1573.0
Denmark (and dependencies),60+,716.0,810.0,1526.0
Djibouti,0-19,196.0,175.0,371.0
Djibouti,20-39,177.0,159.0,336.0
Djibouti,40-59,103.0,92.0,195.0
Djibouti,60+,31.0,34.0,65.0
Dominican Republic,0-19,2005.0,1927.0,3932.0
Dominican Republic,20-39,1716.0,1699.0,3415.0
Dominican Republic,40-59,1122.0,1163.0,2285.0
Dominican Republic,60+,565.0,630.0,1195.0
East African Community (EAC),0-19,52641.0,51764.0,104405.0
East African Community (EAC),20-39,28654.0,29279.0,57933.0
East African Community (EAC),40-59,12197.0,12772.0,24969.0
East African Community (EAC),60+,3486.0,4472.0,7958.0
Ecuador,0-19,3263.0,3126.0,6389.0
Ecuador,20-39,2834.0,2791.0,5625.0
Ecuador,40-59,1809.0,1867.0,3676.0
Ecuador,60+,907.0,1027.0,1934.0
Egypt,0-19,22342.0,21067.0,43409.0
Egypt,20-39,16093.0,15614.0,31707.0
Egypt,40-59,9359.0,9431.0,18790.0
Egypt,60+,3898.0,4509.0,8407.0
El Salvador,0-19,1175.0,1133.0,2308.0
El Salvador,20-39,977.0,1117.0,2094.0
El Salvador,40-59,552.0,737.0,1289.0
El Salvador,60+,321.0,452.0,773.0
Equatorial Guinea,0-19,321.0,311.0,632.0
Equatorial Guinea,20-39,328.0,204.0,532.0
Equatorial Guinea,40-59,100.0,73.0,173.0
Equatorial Guinea,60+,23.0,24.0,47.0
Eritrea,0-19,933.0,896.0,1829.0
Eritrea,20-39,517.0,512.0,1029.0
Eritrea,40-59,218.0,231.0,449.0
Eritrea,60+,98.0,121.0,219.0
Estonia,0-19,142.0,135.0,277.0
Estonia,20-39,175.0,160.0,335.0
Estonia,40-59,173.0,173.0,346.0
Estonia,60+,129.0,220.0,349.0
Eswatini,0-19,282.0,277.0,559.0
Eswatini,20-39,181.0,190.0,371.0
Eswatini,40-59,75.0,76.0,151.0
Eswatini,60+,24.0,36.0,60.0
Ethiopia,0-19,29782.0,29082.0,58864.0
Ethiopia,20-39,17671.0,17557.0,35228.0
Ethiopia,40-59,7242.0,7497.0,14739.0
Ethiopia,60+,2812.0,3300.0,6112.0
Fiji,0-19,169.0,161.0,330.0
Fiji,20-39,139.0,134.0,273.0
Fiji,40-59,99.0,95.0,194.0
Fiji,60+,36.0,43.0,79.0
Finland,0-19,599.0,571.0,1170.0
Finland,20-39,705.0,669.0,1374.0
Finland,40-59,695.0,680.0,1375.0
Finland,60+,722.0,877.0,1599.0
France,0-19,7874.0,7531.0,15405.0
France,20-39,7616.0,7762.0,15378.0
France,40-59,8337.0,8620.0,16957.0
France,60+,7750.0,9760.0,17510.0
France (and dependencies),0-19,8336.0,7976.0,16312.0
France (and dependencies),20-39,7963.0,8134.0,16097.0
France (and dependencies),40-59,8684.0,9010.0,17694.0
France (and dependencies),60+,7984.0,10041.0,18025.0
French Guiana,0-19,61.0,59.0,120.0
French Guiana,20-39,38.0,41.0,79.0
French Guiana,40-59,29.0,29.0,58.0
French Guiana,60+,10.0,11.0,21.0
French Polynesia,0-19,42.0,39.0,81.0
French Polynesia,20-39,40.0,40.0,80.0
French Polynesia,40-59,36.0,36.0,72.0
French Polynesia,60+,16.0,16.0,32.0
Gabon,0-19,514.0,505.0,1019.0
Gabon,20-39,364.0,349.0,713.0
Gabon,40-59,194.0,168.0,362.0
Gabon,60+,51.0,60.0,111.0
Gambia,0-19,663.0,652.0,1315.0
Gambia,20-39,347.0,361.0,708.0
Gambia,40-59,135.0,150.0,285.0
Gambia,60+,45.0,44.0,89.0
Georgia,0-19,533.0,489.0,1022.0
Georgia,20-39,537.0,525.0,1062.0
Georgia,40-59,491.0,547.0,1038.0
Georgia,60+,332.0,518.0,850.0
Germany,0-19,8181.0,7627.0,15808.0
Germany,20-39,10499.0,9746.0,20245.0
Germany,40-59,11903.0,11824.0,23727.0
Germany,60+,10822.0,13159.0,23981.0
Ghana,0-19,7492.0,7179.0,14671.0
Ghana,20-39,4897.0,4688.0,9585.0
Ghana,40-59,2586.0,2576.0,5162.0
Ghana,60+,765.0,869.0,1634.0
Greece,0-19,1002.0,945.0,1947.0
Greece,20-39,1232.0,1157.0,2389.0
Greece,40-59,1527.0,1548.0,3075.0
Greece,60+,1345.0,1645.0,2990.0
Grenada,0-19,15.0,15.0,30.0
Grenada,20-39,16.0,16.0,32.0
Grenada,40-59,12.0,11.0,23.0
Grenada,60+,4.0,5.0,9.0
Guadeloupe,0-19,51.0,48.0,99.0
Guadeloupe,20-39,36.0,41.0,77.0
Guadeloupe,40-59,46.0,61.0,107.0
Guadeloupe,60+,42.0,55.0,97.0
Guam,0-19,25.0,24.0,49.0
Guam,20-39,23.0,22.0,45.0
Guam,40-59,19.0,17.0,36.0
Guam,60+,9.0,10.0,19.0
Guatemala,0-19,4041.0,3874.0,7915.0
Guatemala,20-39,2952.0,2990.0,5942.0
Guatemala,40-59,1252.0,1500.0,2752.0
Guatemala,60+,572.0,715.0,1287.0
Guinea,0-19,3608.0,3553.0,7161.0
Guinea,20-39,1878.0,1954.0,3832.0
Guinea,40-59,626.0,883.0,1509.0
Guinea,60+,233.0,380.0,613.0
Guinea-Bissau,0-19,516.0,511.0,1027.0
Guinea-Bissau,20-39,288.0,304.0,592.0
Guinea-Bissau,40-59,114.0,131.0,245.0
Guinea-Bissau,60+,33.0,50.0,83.0
Guyana,0-19,146.0,141.0,287.0
Guyana,20-39,120.0,115.0,235.0
Guyana,40-59,82.0,83.0,165.0
Guyana,60+,36.0,41.0,77.0
Haiti,0-19,2456.0,2387.0,4843.0
Haiti,20-39,1857.0,1914.0,3771.0
Haiti,40-59,904.0,989.0,1893.0
Haiti,60+,397.0,478.0,875.0
Honduras,0-19,2077.0,1990.0,4067.0
Honduras,20-39,1701.0,1670.0,3371.0
Honduras,40-59,834.0,891.0,1725.0
Honduras,60+,328.0,394.0,722.0
Hungary,0-19,962.0,913.0,1875.0
Hungary,20-39,1225.0,1179.0,2404.0
Hungary,40-59,1378.0,1408.0,2786.0
Hungary,60+,1022.0,1553.0,2575.0
Iceland,0-19,42.0,41.0,83.0
Iceland,20-39,47.0,44.0,91.0
Iceland,40-59,40.0,40.0,80.0
Iceland,60+,32.0,34.0,66.0
India,0-19,256077.0,230982.0,487059.0
India,20-39,239771.0,215762.0,455533.0
India,40-59,152739.0,145049.0,297788.0
India,60+,68502.0,71098.0,139600.0
Indonesia,0-19,48320.0,45935.0,94255.0
Indonesia,20-39,42810.0,41926.0,84736.0
Indonesia,40-59,33609.0,33389.0,66998.0
Indonesia,60+,12970.0,14546.0,27516.0
Iran (Islamic Republic of),0-19,13493.0,12817.0,26310.0
Iran (Islamic Republic of),20-39,14514.0,14565.0,29079.0
Iran (Islamic Republic of),40-59,10025.0,9922.0,19947.0
Iran (Islamic Republic of),60+,4365.0,4272.0,8637.0
Iraq,0-19,9924.0,9394.0,19318.0
Iraq,20-39,6413.0,6152.0,12565.0
Iraq,40-59,3092.0,3182.0,6274.0
Iraq,60+,919.0,1126.0,2045.0
Ireland,0-19,684.0,653.0,1337.0
Ireland,20-39,627.0,633.0,1260.0
Ireland,40-59,671.0,688.0,1359.0
Ireland,60+,457.0,502.0,959.0
Israel,0-19,1576.0,1495.0,3071.0
Israel,20-39,1176.0,1139.0,2315.0
Israel,40-59,903.0,929.0,1832.0
Israel,60+,643.0,774.0,1417.0
Italy,0-19,5525.0,5200.0,10725.0
Italy,20-39,6677.0,6420.0,13097.0
Italy,40-59,9187.0,9398.0,18585.0
Italy,60+,8040.0,9996.0,18036.0
Jamaica,0-19,473.0,454.0,927.0
Jamaica,20-39,481.0,476.0,957.0
Jamaica,40-59,324.0,352.0,676.0
Jamaica,60+,184.0,201.0,385.0
Japan,0-19,11008.0,10434.0,21442.0
Japan,20-39,13619.0,12980.0,26599.0
Japan,40-59,17723.0,17287.0,35010.0
Japan,60+,19390.0,24012.0,43402.0
Jordan,0-19,2231.0,2158.0,4389.0
Jordan,20-39,1664.0,1627.0,3291.0
Jordan,40-59,972.0,921.0,1893.0
Jordan,60+,290.0,323.0,613.0
Kazakhstan,0-19,3388.0,3198.0,6586.0
Kazakhstan,20-39,2784.0,2780.0,5564.0
Kazakhstan,40-59,2057.0,2264.0,4321.0
Kazakhstan,60+,874.0,1411.0,2285.0
Kenya,0-19,13482.0,13275.0,26757.0
Kenya,20-39,8482.0,8580.0,17062.0
Kenya,40-59,3772.0,3933.0,7705.0
Kenya,60+,974.0,1257.0,2231.0
Kiribati,0-19,25.0,24.0,49.0
Kiribati,20-39,16.0,16.0,32.0
Kiribati,40-59,8.0,9.0,17.0
Kiribati,60+,1.0,2.0,3.0
Kuwait,0-19,614.0,524.0,1138.0
Kuwait,20-39,813.0,506.0,1319.0
Kuwait,40-59,1001.0,523.0,1524.0
Kuwait,60+,179.0,93.0,272.0
Kyrgyzstan,0-19,1344.0,1284.0,2628.0
Kyrgyzstan,20-39,1055.0,1038.0,2093.0
Kyrgyzstan,40-59,607.0,656.0,1263.0
Kyrgyzstan,60+,209.0,309.0,518.0
Latvia,0-19,202.0,190.0,392.0
Latvia,20-39,230.0,218.0,448.0
Latvia,40-59,245.0,269.0,514.0
Latvia,60+,181.0,330.0,511.0
Lebanon,0-19,1179.0,1105.0,2284.0
Lebanon,20-39,1041.0,1143.0,2184.0
Lebanon,40-59,841.0,743.0,1584.0
Lebanon,60+,365.0,391.0,756.0
Lesotho,0-19,452.0,451.0,903.0
Lesotho,20-39,368.0,350.0,718.0
Lesotho,40-59,170.0,178.0,348.0
Lesotho,60+,57.0,97.0,154.0
Liberia,0-19,1320.0,1270.0,2590.0
Liberia,20-39,737.0,729.0,1466.0
Liberia,40-59,359.0,366.0,725.0
Liberia,60+,116.0,141.0,257.0
Libya,0-19,1265.0,1201.0,2466.0
Libya,20-39,1135.0,1120.0,2255.0
Libya,40-59,844.0,820.0,1664.0
Libya,60+,216.0,252.0,468.0
Lithuania,0-19,278.0,263.0,541.0
Lithuania,20-39,337.0,314.0,651.0
Lithuania,40-59,369.0,404.0,773.0
Lithuania,60+,269.0,472.0,741.0
Luxembourg,0-19,65.0,62.0,127.0
Luxembourg,20-39,91.0,89.0,180.0
Luxembourg,40-59,95.0,86.0,181.0
Luxembourg,60+,56.0,63.0,119.0
Madagascar,0-19,7107.0,6995.0,14102.0
Madagascar,20-39,4124.0,4141.0,8265.0
Madagascar,40-59,1932.0,1991.0,3923.0
Madagascar,60+,642.0,739.0,1381.0
Malawi,0-19,5232.0,5165.0,10397.0
Malawi,20-39,2781.0,2878.0,5659.0
Malawi,40-59,1089.0,1190.0,2279.0
Malawi,60+,321.0,454.0,775.0
Malaysia,0-19,5281.0,4974.0,10255.0
Malaysia,20-39,5913.0,5504.0,11417.0
Malaysia,40-59,3682.0,3451.0,7133.0
Malaysia,60+,1744.0,1796.0,3540.0
Maldives,0-19,66.0,62.0,128.0
Maldives,20-39,199.0,75.0,274.0
Maldives,40-59,56.0,40.0,96.0
Maldives,60+,13.0,13.0,26.0
Mali,0-19,5979.0,5786.0,11765.0
Mali,20-39,2687.0,2673.0,5360.0
Mali,40-59,1127.0,1204.0,2331.0
Mali,60+,343.0,431.0,774.0
Malta,0-19,42.0,39.0,81.0
Malta,20-39,60.0,56.0,116.0
Malta,40-59,56.0,54.0,110.0
Malta,60+,53.0,62.0,115.0
Martinique,0-19,41.0,39.0,80.0
Martinique,20-39,34.0,37.0,71.0
Martinique,40-59,44.0,58.0,102.0
Martinique,60+,44.0,57.0,101.0
Mauritania,0-19,1174.0,1138.0,2312.0
Mauritania,20-39,711.0,694.0,1405.0
Mauritania,40-59,340.0,347.0,687.0
Mauritania,60+,101.0,128.0,229.0
Mauritius,0-19,156.0,149.0,305.0
Mauritius,20-39,185.0,184.0,369.0
Mauritius,40-59,177.0,177.0,354.0
Mauritius,60+,101.0,125.0,226.0
Mayotte,0-19,67.0,65.0,132.0
Mayotte,20-39,33.0,38.0,71.0
Mayotte,40-59,20.0,20.0,40.0
Mayotte,60+,4.0,6.0,10.0
Melanesia,0-19,2568.0,2409.0,4977.0
Melanesia,20-39,1747.0,1671.0,3418.0
Melanesia,40-59,1007.0,989.0,1996.0
Melanesia,60+,336.0,374.0,710.0
Mexico,0-19,22722.0,21793.0,44515.0
Mexico,20-39,19980.0,20632.0,40612.0
Mexico,40-59,13789.0,15513.0,29302.0
Mexico,60+,6570.0,7914.0,14484.0
Micronesia,0-19,106.0,101.0,207.0
Micronesia,20-39,82.0,78.0,160.0
Micronesia,40-59,56.0,55.0,111.0
Micronesia,60+,25.0,30.0,55.0
Micronesia (Fed. States of),0-19,23.0,20.0,43.0
Micronesia (Fed. States of),20-39,18.0,16.0,34.0
Micronesia (Fed. States of),40-59,9.0,8.0,17.0
Micronesia (Fed. States of),60+,2.0,3.0,5.0
Middle Africa,0-19,50378.0,49727.0,100105.0
Middle Africa,20-39,24800.0,24844.0,49644.0
Middle Africa,40-59,10843.0,11163.0,22006.0
Middle Africa,60+,3590.0,4230.0,7820.0
Mongolia,0-19,625.0,610.0,1235.0
Mongolia,20-39,532.0,529.0,1061.0
Mongolia,40-59,351.0,381.0,732.0
Mongolia,60+,96.0,135.0,231.0
Montenegro,0-19,78.0,70.0,148.0
Montenegro,20-39,87.0,81.0,168.0
Montenegro,40-59,78.0,82.0,160.0
Montenegro,60+,59.0,74.0,133.0
Morocco,0-19,6586.0,6259.0,12845.0
Morocco,20-39,5725.0,5761.0,11486.0
Morocco,40-59,3905.0,4288.0,8193.0
Morocco,60+,2092.0,2277.0,4369.0
Mozambique,0-19,8663.0,8645.0,17308.0
Mozambique,20-39,4347.0,4532.0,8879.0
Mozambique,40-59,1635.0,2050.0,3685.0
Mozambique,60+,532.0,829.0,1361.0
Myanmar,0-19,9519.0,9414.0,18933.0
Myanmar,20-39,8472.0,8759.0,17231.0
Myanmar,40-59,5968.0,6821.0,12789.0
Myanmar,60+,2248.0,3184.0,5432.0
Namibia,0-19,588.0,590.0,1178.0
Namibia,20-39,404.0,421.0,825.0
Namibia,40-59,179.0,205.0,384.0
Namibia,60+,53.0,84.0,137.0
Nepal,0-19,5848.0,5732.0,11580.0
Nepal,20-39,4050.0,5626.0,9676.0
Nepal,40-59,2291.0,3058.0,5349.0
Nepal,60+,1149.0,1365.0,2514.0
Netherlands,0-19,1900.0,1801.0,3701.0
Netherlands,20-39,2130.0,2062.0,4192.0
Netherlands,40-59,2344.0,2327.0,4671.0
Netherlands,60+,2152.0,2397.0,4549.0
Netherlands (and dependencies),0-19,1944.0,1843.0,3787.0
Netherlands (and dependencies),20-39,2171.0,2105.0,4276.0
Netherlands (and dependencies),40-59,2389.0,2379.0,4768.0
Netherlands (and dependencies),60+,2183.0,2440.0,4623.0
New Caledonia,0-19,41.0,39.0,80.0
New Caledonia,20-39,41.0,40.0,81.0
New Caledonia,40-59,36.0,36.0,72.0
New Caledonia,60+,16.0,18.0,34.0
New Zealand,0-19,634.0,602.0,1236.0
New Zealand,20-39,646.0,641.0,1287.0
New Zealand,40-59,581.0,635.0,1216.0
New Zealand,60+,500.0,564.0,1064.0
New Zealand (and dependencies),0-19,637.0,606.0,1243.0
New Zealand (and dependencies),20-39,648.0,643.0,1291.0
New Zealand (and dependencies),40-59,584.0,637.0,1221.0
New Zealand (and dependencies),60+,502.0,565.0,1067.0
Nicaragua,0-19,1312.0,1241.0,2553.0
Nicaragua,20-39,1113.0,1103.0,2216.0
Nicaragua,40-59,584.0,684.0,1268.0
Nicaragua,60+,245.0,321.0,566.0
Niger,0-19,7456.0,7199.0,14655.0
Niger,20-39,2970.0,3001.0,5971.0
Niger,40-59,1244.0,1328.0,2572.0
Niger,60+,489.0,498.0,987.0
Nigeria,0-19,56974.0,54577.0,111551.0
Nigeria,20-39,29188.0,28354.0,57542.0
Nigeria,40-59,13869.0,13864.0,27733.0
Nigeria,60+,4428.0,4866.0,9294.0
North Macedonia,0-19,235.0,221.0,456.0
North Macedonia,20-39,311.0,295.0,606.0
North Macedonia,40-59,292.0,286.0,578.0
North Macedonia,60+,195.0,229.0,424.0
Norway,0-19,643.0,611.0,1254.0
Norway,20-39,753.0,708.0,1461.0
Norway,40-59,739.0,694.0,1433.0
Norway,60+,595.0,656.0,1251.0
Oceania,0-19,6749.0,6379.0,13128.0
Oceania,20-39,6157.0,6001.0,12158.0
Oceania,40-59,4905.0,4995.0,9900.0
Oceania,60+,3541.0,3929.0,7470.0
Oceania (excluding Australia and New Zealand),0-19,2812.0,2636.0,5448.0
Oceania (excluding Australia and New Zealand),20-39,1927.0,1847.0,3774.0
Oceania (excluding Australia and New Zealand),40-59,1143.0,1122.0,2265.0
Oceania (excluding Australia and New Zealand),60+,402.0,447.0,849.0
Oman,0-19,680.0,677.0,1357.0
Oman,20-39,1858.0,663.0,2521.0
Oman,40-59,707.0,291.0,998.0
Oman,60+,114.0,94.0,208.0
Pakistan,0-19,51332.0,47554.0,98886.0
Pakistan,20-39,36302.0,34441.0,70743.0
Pakistan,40-59,18488.0,17879.0,36367.0
Pakistan,60+,7539.0,7336.0,14875.0
Panama,0-19,764.0,733.0,1497.0
Panama,20-39,651.0,641.0,1292.0
Panama,40-59,490.0,495.0,985.0
Panama,60+,244.0,276.0,520.0
Papua New Guinea,0-19,2099.0,1965.0,4064.0
Papua New Guinea,20-39,1420.0,1351.0,2771.0
Papua New Guinea,40-59,790.0,774.0,1564.0
Papua New Guinea,60+,249.0,278.0,527.0
Paraguay,0-19,1388.0,1328.0,2716.0
Paraguay,20-39,1239.0,1187.0,2426.0
Paraguay,40-59,646.0,625.0,1271.0
Paraguay,60+,341.0,359.0,700.0
Peru,0-19,5264.0,5311.0,10575.0
Peru,20-39,5250.0,5353.0,10603.0
Peru,40-59,3884.0,3772.0,7656.0
Peru,60+,1969.0,2147.0,4116.0
Philippines,0-19,22281.0,21099.0,43380.0
Philippines,20-39,17808.0,17274.0,35082.0
Philippines,40-59,10793.0,10881.0,21674.0
Philippines,60+,4136.0,5289.0,9425.0
Poland,0-19,3832.0,3658.0,7490.0
Poland,20-39,5374.0,5059.0,10433.0
Poland,40-59,5031.0,5063.0,10094.0
Poland,60+,4091.0,5718.0,9809.0
Polynesia,0-19,133.0,124.0,257.0
Polynesia,20-39,95.0,94.0,189.0
Polynesia,40-59,74.0,73.0,147.0
Polynesia,60+,34.0,35.0,69.0
Portugal,0-19,950.0,902.0,1852.0
Portugal,20-39,1121.0,1162.0,2283.0
Portugal,40-59,1460.0,1594.0,3054.0
Portugal,60+,1282.0,1703.0,2985.0
Puerto Rico,0-19,329.0,302.0,631.0
Puerto Rico,20-39,315.0,302.0,617.0
Puerto Rico,40-59,373.0,436.0,809.0
Puerto Rico,60+,328.0,454.0,782.0
Qatar,0-19,258.0,236.0,494.0
Qatar,20-39,1259.0,302.0,1561.0
Qatar,40-59,564.0,149.0,713.0
Qatar,60+,76.0,20.0,96.0
Republic of Korea,0-19,4595.0,4308.0,8903.0
Republic of Korea,20-39,7260.0,6532.0,13792.0
Republic of Korea,40-59,8451.0,8241.0,16692.0
Republic of Korea,60+,5346.0,6513.0,11859.0
Republic of Moldova,0-19,432.0,407.0,839.0
Republic of Moldova,20-39,682.0,659.0,1341.0
Republic of Moldova,40-59,513.0,566.0,1079.0
Republic of Moldova,60+,295.0,460.0,755.0
Romania,0-19,2044.0,1933.0,3977.0
Romania,20-39,2426.0,2242.0,4668.0
Romania,40-59,2801.0,2791.0,5592.0
Romania,60+,2073.0,2906.0,4979.0
Russian Federation,0-19,17370.0,16504.0,33874.0
Russian Federation,20-39,20159.0,19913.0,40072.0
Russian Federation,40-59,18389.0,20878.0,39267.0
Russian Federation,60+,11709.0,20988.0,32697.0
Rwanda,0-19,3237.0,3226.0,6463.0
Rwanda,20-39,1962.0,2057.0,4019.0
Rwanda,40-59,871.0,923.0,1794.0
Rwanda,60+,288.0,368.0,656.0
Réunion,0-19,136.0,131.0,267.0
Réunion,20-39,102.0,111.0,213.0
Réunion,40-59,113.0,125.0,238.0
Réunion,60+,71.0,84.0,155.0
Saint Lucia,0-19,21.0,21.0,42.0
Saint Lucia,20-39,28.0,29.0,57.0
Saint Lucia,40-59,23.0,23.0,46.0
Saint Lucia,60+,10.0,11.0,21.0
Saint Vincent and the Grenadines,0-19,15.0,15.0,30.0
Saint Vincent and the Grenadines,20-39,15.0,14.0,29.0
Saint Vincent and the Grenadines,40-59,12.0,12.0,24.0
Saint Vincent and the Grenadines,60+,4.0,4.0,8.0
Samoa,0-19,47.0,42.0,89.0
Samoa,20-39,26.0,22.0,48.0
Samoa,40-59,17.0,15.0,32.0
Samoa,60+,4.0,6.0,10.0
Sao Tome and Principe,0-19,57.0,56.0,113.0
Sao Tome and Principe,20-39,29.0,28.0,57.0
Sao Tome and Principe,40-59,13.0,13.0,26.0
Sao Tome and Principe,60+,3.0,3.0,6.0
Saudi Arabia,0-19,5488.0,5323.0,10811.0
Saudi Arabia,20-39,7120.0,5211.0,12331.0
Saudi Arabia,40-59,6336.0,3284.0,9620.0
Saudi Arabia,60+,1176.0,855.0,2031.0
Senegal,0-19,4501.0,4390.0,8891.0
Senegal,20-39,2367.0,2504.0,4871.0
Senegal,40-59,958.0,1205.0,2163.0
Senegal,60+,336.0,463.0,799.0
Serbia,0-19,956.0,895.0,1851.0
Serbia,20-39,1186.0,1127.0,2313.0
Serbia,40-59,1157.0,1191.0,2348.0
Serbia,60+,969.0,1236.0,2205.0
Seychelles,0-19,14.0,12.0,26.0
Seychelles,20-39,13.0,12.0,25.0
Seychelles,40-59,12.0,12.0,24.0
Seychelles,60+,3.0,3.0,6.0
Sierra Leone,0-19,2048.0,2039.0,4087.0
Sierra Leone,20-39,1223.0,1195.0,2418.0
Sierra Leone,40-59,542.0,547.0,1089.0
Sierra Leone,60+,159.0,204.0,363.0
Singapore,0-19,506.0,476.0,982.0
Singapore,20-39,924.0,803.0,1727.0
Singapore,40-59,1011.0,894.0,1905.0
Singapore,60+,612.0,606.0,1218.0
Slovakia,0-19,567.0,541.0,1108.0
Slovakia,20-39,768.0,731.0,1499.0
Slovakia,40-59,786.0,780.0,1566.0
Slovakia,60+,528.0,738.0,1266.0
Slovenia,0-19,208.0,195.0,403.0
Slovenia,20-39,251.0,234.0,485.0
Slovenia,40-59,311.0,291.0,602.0
Slovenia,60+,255.0,313.0,568.0
Solomon Islands,0-19,176.0,166.0,342.0
Solomon Islands,20-39,96.0,94.0,190.0
Solomon Islands,40-59,52.0,53.0,105.0
Solomon Islands,60+,16.0,16.0,32.0
Somalia,0-19,4602.0,4546.0,9148.0
Somalia,20-39,2102.0,2123.0,4225.0
Somalia,40-59,864.0,921.0,1785.0
Somalia,60+,348.0,368.0,716.0
South Africa,0-19,11107.0,10883.0,21990.0
South Africa,20-39,10217.0,10076.0,20293.0
South Africa,40-59,5795.0,6156.0,11951.0
South Africa,60+,2087.0,2968.0,5055.0
South Sudan,0-19,2946.0,2877.0,5823.0
South Sudan,20-39,1650.0,1644.0,3294.0
South Sudan,40-59,734.0,755.0,1489.0
South Sudan,60+,264.0,305.0,569.0
Spain,0-19,4621.0,4345.0,8966.0
Spain,20-39,5310.0,5205.0,10515.0
Spain,40-59,7550.0,7431.0,14981.0
Spain,60+,5485.0,6785.0,12270.0
Sri Lanka,0-19,3394.0,3339.0,6733.0
Sri Lanka,20-39,2720.0,2997.0,5717.0
Sri Lanka,40-59,2617.0,2814.0,5431.0
Sri Lanka,60+,1526.0,1985.0,3511.0
State of Palestine,0-19,1261.0,1209.0,2470.0
State of Palestine,20-39,827.0,799.0,1626.0
State of Palestine,40-59,373.0,368.0,741.0
State of Palestine,60+,117.0,129.0,246.0
Sudan,0-19,11273.0,10975.0,22248.0
Sudan,20-39,6413.0,6412.0,12825.0
Sudan,40-59,3046.0,3230.0,6276.0
Sudan,60+,1164.0,1313.0,2477.0
Suriname,0-19,106.0,98.0,204.0
Suriname,20-39,89.0,86.0,175.0
Suriname,40-59,66.0,67.0,133.0
Suriname,60+,23.0,32.0,55.0
Sweden,0-19,1190.0,1128.0,2318.0
Sweden,20-39,1326.0,1266.0,2592.0
Sweden,40-59,1297.0,1259.0,2556.0
Sweden,60+,1236.0,1375.0,2611.0
Switzerland,0-19,878.0,837.0,1715.0
Switzerland,20-39,1140.0,1115.0,2255.0
Switzerland,40-59,1251.0,1232.0,2483.0
Switzerland,60+,1014.0,1165.0,2179.0
Syrian Arab Republic,0-19,3548.0,3409.0,6957.0
Syrian Arab Republic,20-39,3041.0,2964.0,6005.0
Syrian Arab Republic,40-59,1557.0,1653.0,3210.0
Syrian Arab Republic,60+,606.0,704.0,1310.0
Tajikistan,0-19,2240.0,2122.0,4362.0
Tajikistan,20-39,1530.0,1505.0,3035.0
Tajikistan,40-59,772.0,807.0,1579.0
Tajikistan,60+,255.0,287.0,542.0
Thailand,0-19,8187.0,7741.0,15928.0
Thailand,20-39,9468.0,9387.0,18855.0
Thailand,40-59,10323.0,11269.0,21592.0
Thailand,60+,5977.0,7427.0,13404.0
Timor-Leste,0-19,323.0,312.0,635.0
Timor-Leste,20-39,203.0,197.0,400.0
Timor-Leste,40-59,94.0,91.0,185.0
Timor-Leste,60+,38.0,44.0,82.0
Togo,0-19,2132.0,2119.0,4251.0
Togo,20-39,1219.0,1217.0,2436.0
Togo,40-59,582.0,610.0,1192.0
Togo,60+,176.0,205.0,381.0
Tonga,0-19,23.0,21.0,44.0
Tonga,20-39,12.0,13.0,25.0
Tonga,40-59,7.0,7.0,14.0
Tonga,60+,2.0,2.0,4.0
Trinidad and Tobago,0-19,185.0,181.0,366.0
Trinidad and Tobago,20-39,211.0,211.0,422.0
Trinidad and Tobago,40-59,178.0,184.0,362.0
Trinidad and Tobago,60+,104.0,123.0,227.0
Tunisia,0-19,1886.0,1769.0,3655.0
Tunisia,20-39,1816.0,1820.0,3636.0
Tunisia,40-59,1418.0,1511.0,2929.0
Tunisia,60+,732.0,850.0,1582.0
Turkey,0-19,13808.0,13202.0,27010.0
Turkey,20-39,13099.0,12846.0,25945.0
Turkey,40-59,9942.0,10408.0,20350.0
Turkey,60+,4774.0,6236.0,11010.0
Turkmenistan,0-19,1184.0,1153.0,2337.0
Turkmenistan,20-39,984.0,982.0,1966.0
Turkmenistan,40-59,591.0,640.0,1231.0
Turkmenistan,60+,204.0,279.0,483.0
Uganda,0-19,13254.0,13047.0,26301.0
Uganda,20-39,6278.0,6692.0,12970.0
Uganda,40-59,2393.0,2590.0,4983.0
Uganda,60+,614.0,855.0,1469.0
Ukraine,0-19,4619.0,4351.0,8970.0
Ukraine,20-39,6160.0,5942.0,12102.0
Ukraine,40-59,5778.0,6531.0,12309.0
Ukraine,60+,3694.0,6635.0,10329.0
United Arab Emirates,0-19,946.0,905.0,1851.0
United Arab Emirates,20-39,3856.0,1458.0,5314.0
United Arab Emirates,40-59,1801.0,601.0,2402.0
United Arab Emirates,60+,223.0,81.0,304.0
United Kingdom,0-19,8019.0,7664.0,15683.0
United Kingdom,20-39,8987.0,8862.0,17849.0
United Kingdom,40-59,8789.0,8985.0,17774.0
United Kingdom,60+,7737.0,8820.0,16557.0
United Kingdom (and dependencies),0-19,8077.0,7719.0,15796.0
United Kingdom (and dependencies),20-39,9053.0,8929.0,17982.0
United Kingdom (and dependencies),40-59,8864.0,9062.0,17926.0
United Kingdom (and dependencies),60+,7793.0,8885.0,16678.0
United Republic of Tanzania,0-19,16396.0,16052.0,32448.0
United Republic of Tanzania,20-39,8504.0,8501.0,17005.0
United Republic of Tanzania,40-59,3831.0,3912.0,7743.0
United Republic of Tanzania,60+,1110.0,1409.0,2519.0
United States Virgin Islands,0-19,12.0,11.0,23.0
United States Virgin Islands,20-39,10.0,10.0,20.0
United States Virgin Islands,40-59,10.0,12.0,22.0
United States Virgin Islands,60+,9.0,12.0,21.0
United States of America,0-19,41912.0,40138.0,82050.0
United States of America,20-39,46026.0,44731.0,90757.0
United States of America,40-59,41108.0,41358.0,82466.0
United States of America,60+,34730.0,40979.0,75709.0
United States of America (and dependencies),0-19,42304.0,40501.0,82805.0
United States of America (and dependencies),20-39,46393.0,45085.0,91478.0
United States of America (and dependencies),40-59,41531.0,41844.0,83375.0
United States of America (and dependencies),60+,35095.0,41473.0,76568.0
Uruguay,0-19,484.0,463.0,947.0
Uruguay,20-39,489.0,478.0,967.0
Uruguay,40-59,410.0,431.0,841.0
Uruguay,60+,285.0,411.0,696.0
Uzbekistan,0-19,6245.0,5925.0,12170.0
Uzbekistan,20-39,5822.0,5698.0,11520.0
Uzbekistan,40-59,3379.0,3616.0,6995.0
Uzbekistan,60+,1239.0,1524.0,2763.0
Vanuatu,0-19,75.0,69.0,144.0
Vanuatu,20-39,42.0,46.0,88.0
Vanuatu,40-59,23.0,23.0,46.0
Vanuatu,60+,6.0,6.0,12.0
Venezuela (Bolivarian Republic of),0-19,5230.0,5019.0,10249.0
Venezuela (Bolivarian Republic of),20-39,4017.0,4137.0,8154.0
Venezuela (Bolivarian Republic of),40-59,3174.0,3402.0,6576.0
Venezuela (Bolivarian Republic of),60+,1552.0,1883.0,3435.0
Viet Nam,0-19,15266.0,13808.0,29074.0
Viet Nam,20-39,16056.0,15531.0,31587.0
Viet Nam,40-59,12228.0,12451.0,24679.0
Viet Nam,60+,5037.0,6943.0,11980.0
World,0-19,1340498.0,1255342.0,2595840.0
World,20-39,1200028.0,1142396.0,2342424.0
World,40-59,905445.0,901327.0,1806772.0
World,60+,483990.0,565748.0,1049738.0
Yemen,0-19,7532.0,7248.0,14780.0
Yemen,20-39,4982.0,4888.0,9870.0
Yemen,40-59,1865.0,1917.0,3782.0
Yemen,60+,636.0,739.0,1375.0
Zambia,0-19,5143.0,5066.0,10209.0
Zambia,20-39,2634.0,2727.0,5361.0
Zambia,40-59,1058.0,1112.0,2170.0
Zambia,60+,258.0,365.0,623.0
Zimbabwe,0-19,3941.0,3923.0,7864.0
Zimbabwe,20-39,1993.0,2354.0,4347.0
Zimbabwe,40-59,892.0,1060.0,1952.0
Zimbabwe,60+,257.0,424.0,681.0
